measurement_time,latitude,longitude,speed_kmh,profil,zone_id,zone_name
06/07/2021 11:11:28,44.9953133,20.3976133,15,3,,
06/07/2021 11:11:43,44.9947449,20.3970716,25,3,,
06/07/2021 11:12:01,44.9937983,20.3967766,18,3,,
06/07/2021 11:12:06,44.9935966,20.3964983,25,3,,
06/07/2021 11:12:22,44.9925133,20.3961566,26,3,,
06/07/2021 11:12:52,44.9920233,20.3920683,44,3,,
06/07/2021 11:13:01,44.9915383,20.3907466,43,3,,
06/07/2021 11:13:31,44.9888983,20.3876116,50,3,,
06/07/2021 11:14:01,44.9866733,20.3834733,51,3,,
06/07/2021 11:14:31,44.9850116,20.3788316,42,3,,
06/07/2021 11:15:01,44.98392,20.3751616,32,3,,
06/07/2021 11:15:31,44.9834366,20.3723216,22,3,,
06/07/2021 11:15:43,44.9832866,20.3716233,6,3,,
06/07/2021 11:15:48,44.9832266,20.3715983,8,3,,
06/07/2021 11:15:51,44.9831783,20.3716416,8,3,116197,T-5
06/07/2021 11:16:21,44.9829949,20.3719066,0,3,,
06/07/2021 11:16:51,44.9829949,20.3719066,0,3,,
06/07/2021 11:17:21,44.98279,20.3720733,10,3,116197,T-5
06/07/2021 11:17:51,44.9821283,20.3726816,9,3,116197,T-5
06/07/2021 11:18:21,44.9820983,20.372685,0,3,116197,T-5
06/07/2021 11:18:51,44.9821166,20.37267,0,3,116197,T-5
06/07/2021 11:19:21,44.9821166,20.37267,0,3,116197,T-5
06/07/2021 11:19:51,44.9821166,20.37267,0,3,116197,T-5
06/07/2021 11:20:21,44.9821166,20.37267,0,3,116197,T-5
06/07/2021 11:20:51,44.9821166,20.37267,0,3,116197,T-5
06/07/2021 11:21:21,44.9821166,20.37267,0,3,116197,T-5
06/07/2021 11:21:51,44.9821166,20.37267,0,3,116197,T-5
06/07/2021 11:22:21,44.9821166,20.37267,0,3,116197,T-5
06/07/2021 11:22:51,44.9821166,20.37267,0,3,116197,T-5
06/07/2021 11:23:21,44.9821166,20.37267,0,3,116197,T-5
06/07/2021 11:23:51,44.9821166,20.37267,0,3,116197,T-5
06/07/2021 11:23:55,44.982085,20.37269,6,3,116197,T-5
06/07/2021 11:24:14,44.981525,20.3730633,11,3,116197,T-5
06/07/2021 11:24:17,44.981445,20.3730066,13,3,116197,T-5
06/07/2021 11:24:47,44.9802716,20.3706466,41,3,116197,T-5
06/07/2021 11:25:17,44.9785149,20.3666983,28,3,116197,T-5
06/07/2021 11:25:47,44.9775716,20.3646533,17,3,116197,T-5
06/07/2021 11:26:17,44.9770283,20.3636316,0,3,116197,T-5
06/07/2021 11:26:47,44.9770383,20.3636483,0,3,116197,T-5
06/07/2021 11:27:17,44.9770466,20.3636316,0,3,116197,T-5
06/07/2021 11:27:47,44.9770466,20.3636316,0,3,116197,T-5
06/07/2021 11:28:17,44.9770466,20.3636316,0,3,116197,T-5
06/07/2021 11:28:47,44.9770466,20.3636316,0,3,116197,T-5
06/07/2021 11:29:03,44.9770133,20.3635633,10,3,116197,T-5
06/07/2021 11:29:18,44.97676,20.363115,11,3,116197,T-5
06/07/2021 11:29:31,44.9765083,20.3627599,15,3,116197,T-5
06/07/2021 11:30:01,44.9759166,20.361325,15,3,116197,T-5
06/07/2021 11:30:05,44.9758549,20.3611466,12,3,116197,T-5
06/07/2021 11:30:12,44.97583,20.3608983,10,3,116197,T-5
06/07/2021 11:30:42,44.9757433,20.3608833,0,3,116197,T-5
06/07/2021 11:31:12,44.9757433,20.3608833,0,3,116197,T-5
06/07/2021 11:31:23,44.97564,20.3609583,6,3,116197,T-5
06/07/2021 11:31:27,44.9755983,20.3610283,6,3,116197,T-5
06/07/2021 11:31:30,44.9755966,20.361105,7,3,116197,T-5
06/07/2021 11:31:45,44.975735,20.36142,7,3,116197,T-5
06/07/2021 11:32:15,44.9760783,20.3621166,8,3,116197,T-5
06/07/2021 11:32:45,44.9763766,20.3628083,7,3,116197,T-5
06/07/2021 11:32:50,44.9763933,20.3629,6,3,116197,T-5
06/07/2021 11:32:52,44.9764333,20.362935,7,3,116197,T-5
06/07/2021 11:33:11,44.9766599,20.3633666,6,3,116197,T-5
06/07/2021 11:33:13,44.9766449,20.3634133,7,3,116197,T-5
06/07/2021 11:33:19,44.9765283,20.3635099,6,3,116197,T-5
06/07/2021 11:33:29,44.9763116,20.3635916,7,3,116197,T-5
06/07/2021 11:33:32,44.9762716,20.3635416,6,3,116197,T-5
06/07/2021 11:33:50,44.976085,20.3631433,8,3,116197,T-5
06/07/2021 11:33:52,44.97607,20.3630983,7,3,116197,T-5
06/07/2021 11:34:22,44.9757399,20.3624,7,3,116197,T-5
06/07/2021 11:34:52,44.9754483,20.3616583,7,3,116197,T-5
06/07/2021 11:35:22,44.975115,20.3609583,7,3,116197,T-5
06/07/2021 11:35:52,44.9747983,20.3602266,7,3,116197,T-5
06/07/2021 11:36:04,44.9747233,20.3599216,7,3,116197,T-5
06/07/2021 11:36:08,44.974775,20.35979,9,3,,
06/07/2021 11:36:17,44.9749283,20.35982,6,3,116197,T-5
06/07/2021 11:36:47,44.9752233,20.3605033,8,3,116197,T-5
06/07/2021 11:37:17,44.9755433,20.3612483,8,3,116197,T-5
06/07/2021 11:37:18,44.9755599,20.36127,10,3,116197,T-5
06/07/2021 11:37:24,44.9756183,20.3614116,7,3,116197,T-5
06/07/2021 11:37:54,44.9759316,20.3621366,8,3,116197,T-5
06/07/2021 11:38:24,44.9762416,20.3628116,7,3,116197,T-5
06/07/2021 11:38:54,44.9765566,20.3634766,6,3,116197,T-5
06/07/2021 11:38:56,44.9765933,20.3634783,8,3,116197,T-5
06/07/2021 11:38:58,44.9766399,20.3634433,11,3,116197,T-5
06/07/2021 11:39:02,44.9767033,20.3632833,12,3,116197,T-5
06/07/2021 11:39:07,44.9767116,20.3630416,15,3,116197,T-5
06/07/2021 11:39:37,44.9760116,20.3614933,17,3,116197,T-5
06/07/2021 11:40:07,44.9753083,20.3599233,15,3,116197,T-5
06/07/2021 11:40:15,44.975225,20.359535,11,3,116197,T-5
06/07/2021 11:40:18,44.9752133,20.3594383,7,3,116197,T-5
06/07/2021 11:40:23,44.9751949,20.3593316,6,3,116197,T-5
06/07/2021 11:40:31,44.97526,20.3591866,6,3,116197,T-5
06/07/2021 11:40:48,44.9754466,20.3592083,6,3,116197,T-5
06/07/2021 11:41:18,44.9757583,20.3598666,8,3,116197,T-5
06/07/2021 11:41:48,44.9760949,20.3606016,7,3,116197,T-5
06/07/2021 11:42:18,44.9764116,20.3613316,8,3,116197,T-5
06/07/2021 11:42:48,44.9767433,20.3620283,7,3,116197,T-5
06/07/2021 11:43:12,44.9769583,20.36264,12,3,116197,T-5
06/07/2021 11:43:16,44.9769016,20.3627266,9,3,116197,T-5
06/07/2021 11:43:19,44.97683,20.3627283,9,3,116197,T-5
06/07/2021 11:43:22,44.9767716,20.3626683,10,3,116197,T-5
06/07/2021 11:43:27,44.9767216,20.3624816,11,3,116197,T-5
06/07/2021 11:43:38,44.9767183,20.3620516,11,3,116197,T-5
06/07/2021 11:43:45,44.97682,20.3618266,12,3,116197,T-5
06/07/2021 11:43:51,44.9769716,20.361715,11,3,,
06/07/2021 11:44:05,44.9774316,20.3614249,16,3,116197,T-5
06/07/2021 11:44:22,44.9780033,20.3608566,15,3,116197,T-5
06/07/2021 11:44:26,44.9781599,20.3609166,15,3,,
06/07/2021 11:44:43,44.9786016,20.3616366,16,3,116197,T-5
06/07/2021 11:44:48,44.9787816,20.3614833,18,3,116197,T-5
06/07/2021 11:45:18,44.9797866,20.360265,16,3,116197,T-5
06/07/2021 11:45:44,44.9802616,20.3595966,7,3,,
06/07/2021 11:45:47,44.9803233,20.3596466,8,3,,
06/07/2021 11:46:17,44.9816016,20.3616933,33,3,,
06/07/2021 11:46:47,44.9821716,20.365395,36,3,,
06/07/2021 11:47:17,44.9829049,20.3696416,42,3,,
06/07/2021 11:47:47,44.9836133,20.3736983,23,3,,
06/07/2021 11:48:17,44.9842816,20.3770666,38,3,,
06/07/2021 11:48:47,44.9855049,20.3803716,34,3,,
06/07/2021 11:49:17,44.9868883,20.3840533,39,3,,
06/07/2021 11:49:47,44.9887666,20.3874783,41,3,,
06/07/2021 11:50:17,44.9910933,20.3903666,38,3,,
06/07/2021 11:50:30,44.9919383,20.39176,40,3,,
06/07/2021 11:51:00,44.9924716,20.3959583,29,3,,
06/07/2021 11:51:04,44.9925549,20.3962883,22,3,,
06/07/2021 11:51:07,44.9926966,20.3964066,23,3,,
06/07/2021 11:51:26,44.9937549,20.3966766,18,3,,
06/07/2021 11:51:32,44.993925,20.3969116,16,3,,
06/07/2021 11:51:58,44.99543,20.397665,19,3,,
06/07/2021 11:52:28,44.996395,20.3989733,28,3,,
06/07/2021 11:52:58,44.997845,20.40072,13,3,,
06/07/2021 11:53:28,44.9988916,20.4020666,23,3,,
06/07/2021 11:53:50,44.9996133,20.402885,11,3,,
06/07/2021 11:53:53,44.999715,20.4027466,20,3,,
06/07/2021 11:54:07,45.0000799,20.4020799,9,3,,
06/07/2021 11:54:10,45.0000533,20.40198,11,3,,
06/07/2021 11:54:40,44.9992683,20.4009983,16,3,,
06/07/2021 11:55:00,44.998795,20.4003233,8,3,,
06/07/2021 11:55:02,44.998795,20.400265,8,3,,
06/07/2021 11:55:32,44.9989733,20.39994,0,3,,
06/07/2021 11:55:51,44.9989733,20.3999483,7,3,,
06/07/2021 11:56:21,44.9989633,20.3999616,5,3,,
06/07/2021 11:56:51,44.9989599,20.3999583,0,3,,
06/07/2021 11:57:21,44.9989599,20.3999583,0,3,,
06/07/2021 11:57:51,44.9989599,20.3999583,0,3,,
06/07/2021 11:58:21,44.9989599,20.3999583,0,3,,
06/07/2021 11:58:51,44.9989599,20.3999583,0,3,,
06/07/2021 11:59:21,44.9989599,20.3999583,0,3,,
06/07/2021 11:59:51,44.9989599,20.3999583,0,3,,
06/07/2021 12:00:21,44.9989599,20.3999583,0,3,,
06/07/2021 12:00:35,44.998985,20.3999716,6,3,,
06/07/2021 12:00:50,44.9991366,20.3996483,6,3,,
06/07/2021 12:00:55,44.999095,20.39953,7,3,,
06/07/2021 12:01:01,44.9990133,20.3994533,6,3,,
06/07/2021 12:01:31,44.9989883,20.3994133,0,3,,
06/07/2021 12:02:01,44.9989883,20.3994133,0,3,,
06/07/2021 12:02:31,44.9989883,20.3994133,0,3,,
06/07/2021 12:03:01,44.998985,20.399385,0,3,,
06/07/2021 12:03:31,44.998985,20.399385,0,3,,
06/07/2021 12:04:01,44.99902,20.3993333,0,3,,
06/07/2021 12:04:31,44.99902,20.3993333,0,3,,
06/07/2021 12:05:01,44.99902,20.3993333,0,3,,
06/07/2021 12:05:16,44.998965,20.3992883,8,3,,
06/07/2021 12:05:22,44.9989,20.3992499,6,3,,
06/07/2021 12:05:52,44.99886,20.3993,0,3,,
06/07/2021 12:06:22,44.9987933,20.3995583,0,3,,
06/07/2021 12:06:52,44.998785,20.3995633,0,3,,
06/07/2021 12:07:22,44.998785,20.3995633,0,3,,
06/07/2021 12:07:52,44.998785,20.3995633,0,3,,
06/07/2021 12:08:22,44.998785,20.3995633,0,3,,
06/07/2021 12:08:52,44.998785,20.3995633,0,3,,
06/07/2021 12:09:22,44.998785,20.3995633,0,3,,
06/07/2021 12:09:52,44.998785,20.3995633,0,3,,
06/07/2021 12:10:22,44.998785,20.3995633,0,3,,
06/07/2021 12:10:43,44.9989466,20.3994133,6,3,,
06/07/2021 12:11:09,44.9989983,20.3994666,8,3,,
06/07/2021 12:11:21,44.9991266,20.3997166,6,3,,
06/07/2021 12:11:37,44.9988016,20.4002233,9,3,,
06/07/2021 12:11:43,44.9987716,20.4004449,14,3,,
06/07/2021 12:11:47,44.9988883,20.400625,18,3,,
06/07/2021 12:12:17,44.9999149,20.4018266,7,3,,
06/07/2021 12:12:23,45.0001016,20.4020983,14,3,,
06/07/2021 12:12:24,45.0001016,20.4021433,11,3,,
06/07/2021 12:12:41,44.9995666,20.4028783,13,3,,
06/07/2021 12:12:44,44.999475,20.4028816,14,3,,
06/07/2021 12:13:14,44.9985083,20.4015366,19,3,,
06/07/2021 12:13:44,44.9974133,20.4001816,30,3,,
06/07/2021 12:14:14,44.9957949,20.3982166,11,3,,
06/07/2021 12:14:42,44.9948166,20.39706,28,3,,
06/07/2021 12:15:00,44.99378,20.3967399,19,3,,
06/07/2021 12:15:04,44.99359,20.3965199,27,3,,
06/07/2021 12:15:20,44.9924783,20.39619,30,3,,
06/07/2021 12:15:50,44.99198,20.391715,51,3,,
06/07/2021 12:15:56,44.9915533,20.390825,46,3,,
06/07/2021 12:16:26,44.9897599,20.3887133,42,3,,
06/07/2021 12:16:56,44.9872333,20.3848816,50,3,,
06/07/2021 12:17:26,44.985435,20.3801983,51,3,,
06/07/2021 12:17:56,44.9839483,20.375385,47,3,,
06/07/2021 12:18:26,44.9832916,20.3716249,13,3,,
06/07/2021 12:18:28,44.9832566,20.3715883,7,3,,
06/07/2021 12:18:30,44.9832199,20.37159,7,3,,
06/07/2021 12:18:44,44.9829583,20.3718316,10,3,116197,T-5
06/07/2021 12:19:14,44.98269,20.3721399,0,3,116197,T-5
06/07/2021 12:19:44,44.98269,20.3721399,0,3,116197,T-5
06/07/2021 12:20:14,44.98269,20.3721399,0,3,116197,T-5
06/07/2021 12:20:44,44.98269,20.3721399,0,3,116197,T-5
06/07/2021 12:21:14,44.98269,20.3721399,0,3,116197,T-5
06/07/2021 12:21:44,44.98269,20.3721399,0,3,116197,T-5
06/07/2021 12:22:14,44.98269,20.3721399,0,3,116197,T-5
06/07/2021 12:22:44,44.9826716,20.3720883,0,3,116197,T-5
06/07/2021 12:23:14,44.9826716,20.3720883,0,3,116197,T-5
06/07/2021 12:23:44,44.9826516,20.3720833,0,3,116197,T-5
06/07/2021 12:24:14,44.9826516,20.3720833,0,3,116197,T-5
06/07/2021 12:24:44,44.9826516,20.3720833,0,3,116197,T-5
06/07/2021 12:25:14,44.982665,20.3721116,0,3,116197,T-5
06/07/2021 12:25:29,44.9826666,20.37211,6,3,116197,T-5
06/07/2021 12:25:59,44.9826833,20.372135,0,3,116197,T-5
06/07/2021 12:26:28,44.9826983,20.3720783,6,3,116197,T-5
06/07/2021 12:26:58,44.9826983,20.3721066,0,3,116197,T-5
06/07/2021 12:27:28,44.9826983,20.3721166,0,3,116197,T-5
06/07/2021 12:27:58,44.9826983,20.3721166,0,3,116197,T-5
06/07/2021 12:28:28,44.9826983,20.3721166,0,3,116197,T-5
06/07/2021 12:28:58,44.9826983,20.3721166,0,3,116197,T-5
06/07/2021 12:29:28,44.9826983,20.3721166,0,3,116197,T-5
06/07/2021 12:29:30,44.982675,20.3721483,6,3,116197,T-5
06/07/2021 12:30:00,44.9826766,20.3721783,0,3,116197,T-5
06/07/2021 12:30:30,44.9826816,20.3721783,0,3,116197,T-5
06/07/2021 12:31:00,44.9826816,20.3721783,0,3,116197,T-5
06/07/2021 12:31:19,44.9827116,20.3721183,6,3,116197,T-5
06/07/2021 12:31:49,44.9827099,20.3721116,0,3,116197,T-5
06/07/2021 12:32:19,44.9826949,20.3720983,4,3,116197,T-5
06/07/2021 12:32:49,44.9826883,20.3720983,9,3,116197,T-5
06/07/2021 12:33:19,44.9827,20.3720766,0,3,116197,T-5
06/07/2021 12:33:49,44.9827,20.3720766,0,3,116197,T-5
06/07/2021 12:34:19,44.9827,20.3720766,0,3,116197,T-5
06/07/2021 12:34:49,44.9827,20.3720766,0,3,116197,T-5
06/07/2021 12:35:19,44.9827,20.3720766,0,3,116197,T-5
06/07/2021 12:35:49,44.9826966,20.3721033,0,3,116197,T-5
06/07/2021 12:36:19,44.9826966,20.3721033,0,3,116197,T-5
06/07/2021 12:36:49,44.9826933,20.3721399,0,3,116197,T-5
06/07/2021 12:37:19,44.9826949,20.3721416,0,3,116197,T-5
06/07/2021 12:37:49,44.9826949,20.3721416,0,3,116197,T-5
06/07/2021 12:38:19,44.9826949,20.3721416,0,3,116197,T-5
06/07/2021 12:38:49,44.9826949,20.3721416,0,3,116197,T-5
06/07/2021 12:39:19,44.9826949,20.3721416,0,3,116197,T-5
06/07/2021 12:39:32,44.9826949,20.3721399,9,3,116197,T-5
06/07/2021 12:40:02,44.9826866,20.3721316,0,3,116197,T-5
06/07/2021 12:40:32,44.9826866,20.3721316,0,3,116197,T-5
06/07/2021 12:41:02,44.9826866,20.3721316,0,3,116197,T-5
06/07/2021 12:41:32,44.9826866,20.3721316,0,3,116197,T-5
06/07/2021 12:42:02,44.9826866,20.3721316,0,3,116197,T-5
06/07/2021 12:42:32,44.9826866,20.3721316,0,3,116197,T-5
06/07/2021 12:43:02,44.9826866,20.3721316,0,3,116197,T-5
06/07/2021 12:43:32,44.9826866,20.3721316,0,3,116197,T-5
06/07/2021 12:44:02,44.9826866,20.3721316,0,3,116197,T-5
06/07/2021 12:44:32,44.9826866,20.3721316,0,3,116197,T-5
06/07/2021 12:45:02,44.9826866,20.3721316,0,3,116197,T-5
06/07/2021 12:45:32,44.9826866,20.3721316,0,3,116197,T-5
06/07/2021 12:46:02,44.9826866,20.3721316,0,3,116197,T-5
06/07/2021 12:46:32,44.9826866,20.3721316,0,3,116197,T-5
06/07/2021 12:47:02,44.9827133,20.372165,0,3,116197,T-5
06/07/2021 12:47:32,44.9827133,20.372165,0,3,116197,T-5
06/07/2021 12:48:02,44.9827133,20.372165,0,3,116197,T-5
06/07/2021 12:48:16,44.982735,20.3721833,6,3,,
06/07/2021 12:48:46,44.98274,20.3721933,0,3,,
06/07/2021 12:49:16,44.98274,20.3721933,0,3,,
06/07/2021 12:49:46,44.98274,20.3721933,0,3,,
06/07/2021 12:50:16,44.98274,20.3721933,0,3,,
06/07/2021 12:50:46,44.98274,20.3721933,0,3,,
06/07/2021 12:51:16,44.98274,20.3721933,0,3,,
06/07/2021 12:51:46,44.98274,20.3721933,0,3,,
06/07/2021 12:52:16,44.98274,20.3721933,0,3,,
06/07/2021 12:52:46,44.98274,20.3721933,0,3,,
06/07/2021 12:53:16,44.98274,20.3721933,0,3,,
06/07/2021 12:53:33,44.9826583,20.3722116,6,3,116197,T-5
06/07/2021 12:53:43,44.9824983,20.3722916,6,3,116197,T-5
06/07/2021 12:53:46,44.9824533,20.3722583,6,3,116197,T-5
06/07/2021 12:53:52,44.9823716,20.3720733,12,3,116197,T-5
06/07/2021 12:54:22,44.9820616,20.3714533,9,3,116197,T-5
06/07/2021 12:54:52,44.982,20.3713033,7,3,116197,T-5
06/07/2021 12:55:22,44.981535,20.3703483,22,3,116197,T-5
06/07/2021 12:55:52,44.98086,20.36891,13,3,116197,T-5
06/07/2021 12:56:22,44.9807416,20.3686733,0,3,116197,T-5
06/07/2021 12:56:52,44.980465,20.3681116,9,3,116197,T-5
06/07/2021 12:57:22,44.9799033,20.3669166,14,3,116197,T-5
06/07/2021 12:57:52,44.9792216,20.3655666,8,3,116197,T-5
06/07/2021 12:58:22,44.9787966,20.3645633,8,3,116197,T-5
06/07/2021 12:58:52,44.9782883,20.3636133,11,3,116197,T-5
06/07/2021 12:59:22,44.9779533,20.36281,7,3,116197,T-5
06/07/2021 12:59:52,44.977625,20.3621449,7,3,116197,T-5
06/07/2021 13:00:18,44.97737,20.3614716,8,3,116197,T-5
06/07/2021 13:00:20,44.9773983,20.3614133,10,3,116197,T-5
06/07/2021 13:00:23,44.97746,20.3613566,9,3,116197,T-5
06/07/2021 13:00:25,44.9774999,20.3613616,7,3,116197,T-5
06/07/2021 13:00:28,44.9775583,20.3614033,6,3,116197,T-5
06/07/2021 13:00:54,44.9777099,20.3618916,8,3,116197,T-5
06/07/2021 13:00:58,44.9777433,20.36198,7,3,116197,T-5
06/07/2021 13:01:28,44.9781216,20.3626833,7,3,116197,T-5
06/07/2021 13:01:58,44.9784566,20.3633783,8,3,116197,T-5
06/07/2021 13:02:28,44.9787983,20.3640699,7,3,116197,T-5
06/07/2021 13:02:58,44.9791016,20.3647716,8,3,116197,T-5
06/07/2021 13:03:28,44.9794583,20.36551,7,3,116197,T-5
06/07/2021 13:03:58,44.9797933,20.3662083,7,3,116197,T-5
06/07/2021 13:04:28,44.980115,20.3669199,8,3,116197,T-5
06/07/2021 13:04:58,44.9804483,20.3675949,7,3,116197,T-5
06/07/2021 13:05:28,44.9807783,20.3682816,8,3,116197,T-5
06/07/2021 13:05:58,44.98111,20.36898,8,3,116197,T-5
06/07/2021 13:06:24,44.9814066,20.369575,6,3,116197,T-5
06/07/2021 13:06:26,44.9814383,20.3696266,7,3,116197,T-5
06/07/2021 13:06:56,44.9817616,20.3703349,6,3,116197,T-5
06/07/2021 13:07:24,44.9820566,20.3710016,7,3,116197,T-5
06/07/2021 13:07:26,44.9820799,20.3710433,7,3,116197,T-5
06/07/2021 13:07:56,44.9824133,20.3717316,6,3,116197,T-5
06/07/2021 13:08:04,44.982505,20.371905,6,3,116197,T-5
06/07/2021 13:08:12,44.9825683,20.3720316,6,3,116197,T-5
06/07/2021 13:08:20,44.982595,20.3722383,10,3,116197,T-5
06/07/2021 13:08:23,44.9825683,20.3723316,9,3,116197,T-5
06/07/2021 13:08:26,44.9824866,20.3723666,9,3,116197,T-5
06/07/2021 13:08:28,44.9824433,20.3723316,9,3,116197,T-5
06/07/2021 13:08:58,44.982325,20.3720316,6,3,116197,T-5
06/07/2021 13:09:28,44.9819883,20.371305,7,3,116197,T-5
06/07/2021 13:09:58,44.981655,20.3705833,7,3,116197,T-5
06/07/2021 13:10:28,44.9813333,20.3698966,8,3,116197,T-5
06/07/2021 13:10:58,44.981,20.3692266,7,3,116197,T-5
06/07/2021 13:11:28,44.98066,20.3685266,7,3,116197,T-5
06/07/2021 13:11:58,44.98033,20.3678283,7,3,116197,T-5
06/07/2021 13:12:15,44.9801466,20.3674283,7,3,116197,T-5
06/07/2021 13:12:17,44.9801583,20.3673733,9,3,116197,T-5
06/07/2021 13:12:20,44.9802083,20.3673133,9,3,116197,T-5
06/07/2021 13:12:23,44.9802933,20.3673116,11,3,116197,T-5
06/07/2021 13:12:26,44.9803716,20.3673883,14,3,116197,T-5
06/07/2021 13:12:56,44.9813916,20.3696133,25,3,116197,T-5
06/07/2021 13:13:26,44.9825449,20.3720133,21,3,116197,T-5
06/07/2021 13:13:31,44.9826916,20.37211,11,3,116197,T-5
06/07/2021 13:13:36,44.9828766,20.3720616,16,3,,
06/07/2021 13:13:49,44.9832783,20.3716516,9,3,,
06/07/2021 13:13:51,44.9833149,20.3716783,9,3,,
06/07/2021 13:13:55,44.9833666,20.3718449,17,3,,
06/07/2021 13:14:25,44.983885,20.3751416,33,3,,
06/07/2021 13:14:55,44.9849449,20.37892,39,3,,
06/07/2021 13:15:25,44.9863883,20.38273,37,3,,
06/07/2021 13:15:55,44.9878516,20.3862416,38,3,,
06/07/2021 13:16:18,44.9894783,20.3883783,36,3,,
06/07/2021 13:16:46,44.9917666,20.3912416,44,3,,
06/07/2021 13:16:55,44.9921133,20.3925883,42,3,,
06/07/2021 13:17:25,44.99247,20.3959683,20,3,,
06/07/2021 13:17:32,44.992565,20.3963649,12,3,,
06/07/2021 13:17:35,44.9926383,20.3964116,11,3,,
06/07/2021 13:18:01,44.99367,20.3966433,9,3,,
06/07/2021 13:18:03,44.9937099,20.3966883,9,3,,
06/07/2021 13:18:05,44.99375,20.3967516,12,3,,
06/07/2021 13:18:10,44.9938983,20.3969116,17,3,,
06/07/2021 13:18:40,44.9954416,20.3977999,19,3,,
06/07/2021 13:18:53,44.9958116,20.398315,17,3,,
06/07/2021 13:18:58,44.9959416,20.398485,16,3,,
06/07/2021 13:19:28,44.997125,20.39992,21,3,,
06/07/2021 13:19:58,44.9982316,20.401225,17,3,,
06/07/2021 13:20:28,44.9990433,20.4024216,12,3,,
06/07/2021 13:20:56,44.9993766,20.402935,8,3,,
06/07/2021 13:21:26,44.999425,20.4029416,0,3,,
06/07/2021 13:21:56,44.99942,20.4029433,0,3,,
06/07/2021 13:22:26,44.99942,20.4029433,0,3,,
06/07/2021 13:22:56,44.9994133,20.402925,4,3,,
06/07/2021 13:23:25,44.999415,20.4029366,9,3,,
06/07/2021 13:23:55,44.9994116,20.4029149,0,3,,
06/07/2021 13:24:25,44.9994116,20.4029149,0,3,,
06/07/2021 13:24:53,44.9994166,20.4028983,6,3,,
06/07/2021 13:25:23,44.9993916,20.4028616,0,3,,
06/07/2021 13:25:25,44.9994,20.4028783,7,3,,
06/07/2021 13:25:55,44.9994,20.4029016,0,3,,
06/07/2021 13:25:57,44.9993433,20.4029016,7,3,,
06/07/2021 13:26:24,44.999455,20.40293,6,3,,
06/07/2021 13:26:27,44.9995183,20.4028916,6,3,,
06/07/2021 13:26:57,45.0000649,20.402065,6,3,,
06/07/2021 13:27:27,45.0002433,20.4012166,0,3,,
06/07/2021 13:27:31,45.000225,20.4010983,9,3,,
06/07/2021 13:27:42,45.0000833,20.4008599,6,3,,
06/07/2021 13:28:12,44.9995483,20.4002233,10,3,,
06/07/2021 13:28:42,44.998965,20.3995266,6,3,,
06/07/2021 13:28:54,44.9987933,20.3993416,8,3,,
06/07/2021 13:28:57,44.9987766,20.399275,6,3,,
06/07/2021 13:29:27,44.9988383,20.3993033,0,3,,
06/07/2021 13:29:57,44.9987283,20.3994166,0,3,,
06/07/2021 13:30:27,44.9987216,20.3994333,0,3,,
06/07/2021 13:30:57,44.9987216,20.3994333,0,3,,
06/07/2021 13:31:24,44.99878,20.3994949,7,3,,
06/07/2021 13:31:54,44.9987966,20.39945,0,3,,
06/07/2021 13:32:24,44.9987966,20.39945,0,3,,
06/07/2021 13:32:54,44.9987966,20.39945,0,3,,
06/07/2021 13:33:24,44.9987966,20.39945,0,3,,
06/07/2021 13:33:54,44.9987966,20.39945,0,3,,
06/07/2021 13:34:24,44.9987966,20.39945,0,3,,
06/07/2021 13:34:54,44.9987966,20.39945,0,3,,
06/07/2021 13:34:59,44.998885,20.3994233,6,3,,
06/07/2021 13:35:14,44.999095,20.3996616,6,3,,
06/07/2021 13:35:17,44.9990749,20.3997283,6,3,,
06/07/2021 13:35:43,44.9987516,20.400405,7,3,,
06/07/2021 13:35:46,44.9987666,20.4004666,7,3,,
06/07/2021 13:36:16,44.9994483,20.401315,12,3,,
06/07/2021 13:36:25,44.999665,20.4016533,12,3,,
06/07/2021 13:36:27,44.9996433,20.4017033,9,3,,
06/07/2021 13:36:29,44.9996733,20.4017399,7,3,,
06/07/2021 13:36:34,44.9997833,20.401805,11,3,,
06/07/2021 13:36:38,44.9998866,20.4018716,10,3,,
06/07/2021 13:36:45,45.0000233,20.4020616,9,3,,
06/07/2021 13:36:48,45.0000116,20.40216,10,3,,
06/07/2021 13:36:53,44.9999116,20.4022699,15,3,,
06/07/2021 13:36:59,44.99979,20.4024433,10,3,,
06/07/2021 13:37:05,44.9997116,20.4026,8,3,,
06/07/2021 13:37:08,44.999725,20.4026849,9,3,,
06/07/2021 13:37:09,44.9996966,20.4027116,9,3,,
06/07/2021 13:37:15,44.9995866,20.4028583,9,3,,
06/07/2021 13:37:17,44.9995366,20.4028633,9,3,,
06/07/2021 13:37:19,44.9994933,20.4028316,9,3,,
06/07/2021 13:37:49,44.9994266,20.4026733,0,3,,
06/07/2021 13:38:19,44.9994266,20.4026733,0,3,,
06/07/2021 13:38:49,44.9994266,20.4026733,0,3,,
06/07/2021 13:39:19,44.9994266,20.4026733,0,3,,
06/07/2021 13:39:49,44.9994266,20.4026733,0,3,,
06/07/2021 13:40:19,44.9994266,20.4026733,0,3,,
06/07/2021 13:40:49,44.9994266,20.4026733,0,3,,
06/07/2021 13:41:19,44.998945,20.4021383,3,3,,
06/07/2021 13:41:38,44.99869,20.4018366,13,3,,
06/07/2021 13:42:08,44.997895,20.4008249,13,3,,
06/07/2021 13:42:38,44.9970099,20.3997633,21,3,,
06/07/2021 13:43:08,44.9961,20.3985683,0,3,,
06/07/2021 13:43:38,44.9958483,20.398255,11,3,,
06/07/2021 13:44:08,44.9951633,20.3974083,19,3,,
06/07/2021 13:44:23,44.99439,20.3969199,23,3,,
06/07/2021 13:44:36,44.9937983,20.3967749,13,3,,
06/07/2021 13:44:43,44.99357,20.3964766,20,3,,
06/07/2021 13:45:04,44.9924616,20.3961866,20,3,,
06/07/2021 13:45:08,44.9924199,20.3959383,21,3,,
06/07/2021 13:45:38,44.99218,20.39365,31,3,,
06/07/2021 13:46:03,44.9916866,20.39093,31,3,,
06/07/2021 13:46:33,44.9902733,20.3892983,28,3,,
06/07/2021 13:47:03,44.988715,20.3874,24,3,,
06/07/2021 13:47:33,44.9873416,20.3851449,31,3,,
06/07/2021 13:48:03,44.986375,20.3826449,23,3,,
06/07/2021 13:48:33,44.9853833,20.3799366,28,3,,
06/07/2021 13:49:03,44.9844033,20.3772233,27,3,,
06/07/2021 13:49:33,44.98379,20.3744733,28,3,,
06/07/2021 13:50:03,44.9832699,20.3716899,14,3,,
06/07/2021 13:50:07,44.9832083,20.3716016,6,3,,
06/07/2021 13:50:33,44.9827733,20.3710516,13,3,116197,T-5
06/07/2021 13:51:03,44.98218,20.369815,13,3,116197,T-5
06/07/2021 13:51:33,44.9817233,20.3688266,4,3,116197,T-5
06/07/2021 13:52:03,44.981575,20.3684866,7,3,116197,T-5
06/07/2021 13:52:33,44.981225,20.367845,7,3,116197,T-5
06/07/2021 13:53:03,44.9808933,20.3671216,8,3,116197,T-5
06/07/2021 13:53:33,44.9805583,20.366415,7,3,116197,T-5
06/07/2021 13:54:03,44.9802083,20.365685,7,3,116197,T-5
06/07/2021 13:54:33,44.979875,20.36498,8,3,116197,T-5
06/07/2021 13:55:03,44.9795516,20.3643216,7,3,116197,T-5
06/07/2021 13:55:33,44.9792566,20.3636183,4,3,116197,T-5
06/07/2021 13:55:59,44.9789766,20.3630116,14,3,116197,T-5
06/07/2021 13:56:06,44.9788783,20.3628416,9,3,116197,T-5
06/07/2021 13:56:36,44.9785533,20.3621366,8,3,116197,T-5
06/07/2021 13:57:06,44.9781983,20.3613883,7,3,116197,T-5
06/07/2021 13:57:34,44.9779499,20.3608333,7,3,,
06/07/2021 13:57:38,44.9780249,20.3607766,8,3,,
06/07/2021 13:57:40,44.9780666,20.3607916,8,3,116197,T-5
06/07/2021 13:57:46,44.9781916,20.3609066,9,3,,
06/07/2021 13:58:09,44.9786266,20.361645,10,3,116197,T-5
06/07/2021 13:58:12,44.9786916,20.3616916,9,3,116197,T-5
06/07/2021 13:58:42,44.9787449,20.3618749,0,3,116197,T-5
06/07/2021 13:58:50,44.9788233,20.362055,6,3,116197,T-5
06/07/2021 13:58:53,44.9788583,20.3621033,6,3,116197,T-5
06/07/2021 13:58:55,44.9788866,20.3621516,7,3,116197,T-5
06/07/2021 13:59:25,44.9792249,20.3628616,9,3,116197,T-5
06/07/2021 13:59:55,44.97954,20.3635733,6,3,116197,T-5
06/07/2021 14:00:25,44.9798599,20.3642483,9,3,116197,T-5
06/07/2021 14:00:55,44.980215,20.364955,8,3,116197,T-5
06/07/2021 14:01:25,44.9805283,20.3656599,8,3,116197,T-5
06/07/2021 14:01:55,44.9808633,20.3663616,8,3,116197,T-5
06/07/2021 14:02:25,44.9812066,20.3670283,8,3,116197,T-5
06/07/2021 14:02:55,44.9815533,20.36774,9,3,116197,T-5
06/07/2021 14:03:25,44.9818816,20.3684566,8,3,116197,T-5
06/07/2021 14:03:55,44.9822083,20.3691716,9,3,116197,T-5
06/07/2021 14:04:25,44.9825733,20.3699116,8,3,116197,T-5
06/07/2021 14:04:55,44.9829083,20.3706066,7,3,116197,T-5
06/07/2021 14:05:11,44.9830533,20.371,10,3,116197,T-5
06/07/2021 14:05:28,44.9831816,20.3715716,6,3,,
06/07/2021 14:05:36,44.9832783,20.3716483,9,3,,
06/07/2021 14:05:39,44.9833149,20.371695,7,3,,
06/07/2021 14:05:58,44.9835116,20.3728616,24,3,,
06/07/2021 14:06:28,44.9838966,20.3751733,10,3,,
06/07/2021 14:06:58,44.9842983,20.37707,22,3,,
06/07/2021 14:07:28,44.9851133,20.3792216,24,3,,
06/07/2021 14:07:58,44.9859916,20.3816366,24,3,,
06/07/2021 14:08:28,44.9868766,20.3840666,26,3,,
06/07/2021 14:08:58,44.9879583,20.3864083,18,3,,
06/07/2021 14:09:28,44.9887416,20.38747,20,3,,
06/07/2021 14:09:58,44.9900583,20.3890749,27,3,,
06/07/2021 14:10:28,44.9916316,20.39093,28,3,,
06/07/2021 14:10:41,44.9920649,20.3921066,29,3,,
06/07/2021 14:11:11,44.9923716,20.3950216,26,3,,
06/07/2021 14:11:35,44.9925916,20.3963333,19,3,,
06/07/2021 14:11:39,44.9927683,20.3964366,19,3,,
06/07/2021 14:12:00,44.9935966,20.3965433,8,3,,
06/07/2021 14:12:13,44.9939433,20.3969233,13,3,,
06/07/2021 14:12:42,44.9951733,20.3974066,20,3,,
06/07/2021 14:13:12,44.995875,20.3983133,13,3,,
06/07/2021 14:13:42,44.9968016,20.3994933,19,3,,
06/07/2021 14:14:12,44.9978133,20.400695,10,3,,
06/07/2021 14:14:42,44.9984766,20.401565,12,3,,
06/07/2021 14:15:12,44.9991633,20.4024466,12,3,,
06/07/2021 14:15:30,44.999535,20.4028749,10,3,,
06/07/2021 14:15:32,44.9995966,20.402855,12,3,,
06/07/2021 14:15:37,44.9997283,20.4026916,12,3,,
06/07/2021 14:16:07,45.0001733,20.4015516,12,3,,
06/07/2021 14:16:20,45.0002366,20.4010633,10,3,,
06/07/2021 14:16:50,44.9996699,20.4003283,13,3,,
06/07/2021 14:17:20,44.9989466,20.3994516,9,3,,
06/07/2021 14:17:33,44.9987433,20.39917,6,3,,
06/07/2021 14:18:03,44.9987566,20.3990466,0,3,,
06/07/2021 14:18:33,44.9987566,20.3990466,0,3,,
06/07/2021 14:19:03,44.9987666,20.3991866,0,3,,
06/07/2021 14:19:33,44.9987133,20.3993183,0,3,,
06/07/2021 14:20:03,44.9986533,20.3994316,0,3,,
06/07/2021 14:20:33,44.9986383,20.3994283,0,3,,
06/07/2021 14:21:02,44.99872,20.3993633,7,3,,
06/07/2021 14:21:32,44.9987116,20.3993733,0,3,,
06/07/2021 14:22:02,44.9987116,20.3993733,0,3,,
06/07/2021 14:22:32,44.9987116,20.3993733,0,3,,
06/07/2021 14:23:02,44.9987116,20.3993733,0,3,,
06/07/2021 14:23:32,44.9987883,20.3992799,0,3,,
06/07/2021 14:23:46,44.9988866,20.39932,7,3,,
06/07/2021 14:24:02,44.9991349,20.3997133,6,3,,
06/07/2021 14:24:04,44.9991499,20.3997533,7,3,,
06/07/2021 14:24:34,44.9998516,20.4005666,11,3,,
06/07/2021 14:24:56,45.000225,20.4011133,9,3,,
06/07/2021 14:25:01,45.0002116,20.4012766,11,3,,
06/07/2021 14:25:04,45.0001466,20.4013833,15,3,,
06/07/2021 14:25:06,45.0001249,20.4014683,12,3,,
06/07/2021 14:25:12,45.0001233,20.4017266,11,3,,
06/07/2021 14:25:16,45.0001183,20.401875,11,3,,
06/07/2021 14:25:24,45.00002,20.40221,11,3,,
06/07/2021 14:25:44,44.9995849,20.4028616,12,3,,
06/07/2021 14:25:47,44.9994866,20.4028299,11,3,,
06/07/2021 14:26:02,44.999195,20.4023533,13,3,,
06/07/2021 14:26:06,44.9990916,20.4022699,10,3,,
06/07/2021 14:26:36,44.9983483,20.4013716,13,3,,
06/07/2021 14:27:06,44.9976316,20.40044,13,3,,
06/07/2021 14:27:36,44.9964766,20.3990549,21,3,,
06/07/2021 14:28:06,44.9957183,20.3980833,8,3,,
06/07/2021 14:28:16,44.9955516,20.397865,11,3,,
06/07/2021 14:28:31,44.9954533,20.3978033,6,3,,
06/07/2021 14:28:32,44.9954433,20.3977833,6,3,,
06/07/2021 14:28:40,44.9953216,20.3976316,10,3,,
06/07/2021 14:29:04,44.99454,20.3969683,21,3,,
06/07/2021 14:29:09,44.9942866,20.3969649,17,3,,
06/07/2021 14:29:18,44.9938366,20.3968733,14,3,,
06/07/2021 14:29:21,44.993765,20.3967816,14,3,,
06/07/2021 14:29:27,44.9936183,20.3965233,18,3,,
06/07/2021 14:29:48,44.9924883,20.3961433,26,3,,
06/07/2021 14:30:18,44.9921833,20.3934316,28,3,,
06/07/2021 14:30:46,44.9916016,20.3908649,28,3,,
06/07/2021 14:31:16,44.99039,20.3894349,21,3,,
06/07/2021 14:31:46,44.9891283,20.387855,22,3,,
06/07/2021 14:32:16,44.987945,20.3862749,21,3,,
06/07/2021 14:32:46,44.9870866,20.3844516,34,3,,
06/07/2021 14:33:16,44.98587,20.381245,33,3,,
06/07/2021 14:33:46,44.9848983,20.3786216,32,3,,
06/07/2021 14:34:16,44.9840633,20.3758966,17,3,,
06/07/2021 14:34:46,44.98364,20.373475,29,3,,
06/07/2021 14:35:16,44.9831016,20.3704216,29,3,,
06/07/2021 14:35:46,44.9826016,20.3674933,28,3,,
06/07/2021 14:36:14,44.982135,20.3656333,11,3,116197,T-5
06/07/2021 14:36:37,44.9816916,20.3647866,13,3,116197,T-5
06/07/2021 14:37:07,44.9812616,20.3634066,15,3,116197,T-5
06/07/2021 14:37:37,44.9806333,20.3621166,14,3,116197,T-5
06/07/2021 14:38:07,44.980015,20.3608316,14,3,116197,T-5
06/07/2021 14:38:37,44.9798683,20.3604966,0,3,116197,T-5
06/07/2021 14:39:07,44.9798683,20.3604966,0,3,116197,T-5
06/07/2021 14:39:37,44.9798683,20.3604966,0,3,116197,T-5
06/07/2021 14:40:07,44.9798683,20.3604966,0,3,116197,T-5
06/07/2021 14:40:37,44.9798683,20.3604966,0,3,116197,T-5
06/07/2021 14:41:07,44.9798683,20.3604966,0,3,116197,T-5
06/07/2021 14:41:37,44.9798683,20.3604966,0,3,116197,T-5
06/07/2021 14:42:07,44.9798683,20.3604966,0,3,116197,T-5
06/07/2021 14:42:37,44.9798683,20.3604966,0,3,116197,T-5
06/07/2021 14:42:42,44.9798983,20.3604016,7,3,116197,T-5
06/07/2021 14:43:12,44.9798849,20.3604133,0,3,116197,T-5
06/07/2021 14:43:42,44.9798849,20.3604133,0,3,116197,T-5
06/07/2021 14:44:12,44.9798849,20.3604133,0,3,116197,T-5
06/07/2021 14:44:42,44.9799183,20.3600683,0,3,116197,T-5
06/07/2021 14:45:04,44.9799016,20.3600366,8,3,,
06/07/2021 14:45:34,44.9798999,20.3600066,0,3,,
06/07/2021 14:46:04,44.9798999,20.3600066,0,3,,
06/07/2021 14:46:34,44.9798999,20.3600066,0,3,,
06/07/2021 14:47:04,44.9798999,20.3600066,0,3,,
06/07/2021 14:47:34,44.9798999,20.3600066,0,3,,
06/07/2021 14:48:04,44.9798999,20.3600066,0,3,,
06/07/2021 14:48:34,44.9798999,20.3600066,0,3,,
06/07/2021 14:49:04,44.9798999,20.3600066,0,3,,
06/07/2021 14:49:34,44.9798999,20.3600066,0,3,,
06/07/2021 14:50:04,44.9798999,20.3600066,0,3,,
06/07/2021 14:50:34,44.9798999,20.3600066,0,3,,
06/07/2021 14:51:04,44.9798999,20.3600066,0,3,,
06/07/2021 14:51:34,44.9798999,20.3600066,0,3,,
06/07/2021 14:52:04,44.9798999,20.3600066,0,3,,
06/07/2021 14:52:34,44.9798999,20.3600066,0,3,,
06/07/2021 14:53:04,44.9798999,20.3600066,0,3,,
06/07/2021 14:53:34,44.9798999,20.3600066,0,3,,
06/07/2021 14:54:04,44.9798999,20.3600066,0,3,,
06/07/2021 14:54:34,44.9798999,20.3600066,0,3,,
06/07/2021 14:55:04,44.9798999,20.3600066,0,3,,
06/07/2021 14:55:34,44.9798999,20.3600066,0,3,,
06/07/2021 14:56:04,44.9798999,20.3600066,0,3,,
06/07/2021 14:56:34,44.9799733,20.3600933,0,3,116197,T-5
06/07/2021 14:57:04,44.9799733,20.3600933,0,3,116197,T-5
06/07/2021 14:57:34,44.9799733,20.3600933,0,3,116197,T-5
06/07/2021 14:58:04,44.9799733,20.3600933,0,3,116197,T-5
06/07/2021 14:58:34,44.9799733,20.3600933,0,3,116197,T-5
06/07/2021 14:59:04,44.9799733,20.3600933,0,3,116197,T-5
06/07/2021 14:59:34,44.9799733,20.3600933,0,3,116197,T-5
06/07/2021 15:00:04,44.9799733,20.3600933,0,3,116197,T-5
06/07/2021 15:00:34,44.9799733,20.3600933,0,3,116197,T-5
06/07/2021 15:01:04,44.9799733,20.3600933,0,3,116197,T-5
06/07/2021 15:01:34,44.9799733,20.3600933,0,3,116197,T-5
06/07/2021 15:02:04,44.9799733,20.3600933,0,3,116197,T-5
06/07/2021 15:02:34,44.9799733,20.3600933,0,3,116197,T-5
06/07/2021 15:03:04,44.9799733,20.3600933,0,3,116197,T-5
06/07/2021 15:03:34,44.9799733,20.3600933,0,3,116197,T-5
06/07/2021 15:04:04,44.9799733,20.3600933,0,3,116197,T-5
06/07/2021 15:04:34,44.9799733,20.3600933,0,3,116197,T-5
06/07/2021 15:04:35,44.9800033,20.3600616,9,3,116197,T-5
06/07/2021 15:05:05,44.9800066,20.3600616,0,3,116197,T-5
06/07/2021 15:05:35,44.9800066,20.3600616,0,3,116197,T-5
06/07/2021 15:06:05,44.9800066,20.3600616,0,3,116197,T-5
06/07/2021 15:06:35,44.9800083,20.3600733,4,3,116197,T-5
06/07/2021 15:07:05,44.9800066,20.3600716,0,3,116197,T-5
06/07/2021 15:07:35,44.9800066,20.3600716,0,3,116197,T-5
06/07/2021 15:08:05,44.9800066,20.3600716,0,3,116197,T-5
06/07/2021 15:08:35,44.9800066,20.3600716,0,3,116197,T-5
06/07/2021 15:09:05,44.9800066,20.3600716,0,3,116197,T-5
06/07/2021 15:09:35,44.98,20.3600466,0,3,116197,T-5
06/07/2021 15:10:05,44.98,20.3600466,0,3,116197,T-5
06/07/2021 15:10:35,44.98,20.3600466,0,3,116197,T-5
06/07/2021 15:10:40,44.9800033,20.3600466,6,3,116197,T-5
06/07/2021 15:11:10,44.9800016,20.3600466,0,3,116197,T-5
06/07/2021 15:11:40,44.9800016,20.3600466,0,3,116197,T-5
06/07/2021 15:12:10,44.9800016,20.3600466,0,3,116197,T-5
06/07/2021 15:12:40,44.9800016,20.3600466,0,3,116197,T-5
06/07/2021 15:13:10,44.9800016,20.3600466,0,3,116197,T-5
06/07/2021 15:13:40,44.9800016,20.3600466,0,3,116197,T-5
06/07/2021 15:14:10,44.9800016,20.3600466,0,3,116197,T-5
06/07/2021 15:14:40,44.9800016,20.3600466,0,3,116197,T-5
06/07/2021 15:15:10,44.9800016,20.3600466,0,3,116197,T-5
06/07/2021 15:15:40,44.9800016,20.3600466,0,3,116197,T-5
06/07/2021 15:16:10,44.9800016,20.3600466,0,3,116197,T-5
06/07/2021 15:16:40,44.9800016,20.3600466,0,3,116197,T-5
06/07/2021 15:17:10,44.9800016,20.3600466,0,3,116197,T-5
06/07/2021 15:17:40,44.9800016,20.3600466,0,3,116197,T-5
06/07/2021 15:18:10,44.9800016,20.3600466,0,3,116197,T-5
06/07/2021 15:18:40,44.9800016,20.3600466,0,3,116197,T-5
06/07/2021 15:19:10,44.9800016,20.3600466,0,3,116197,T-5
06/07/2021 15:19:40,44.9800016,20.3600466,0,3,116197,T-5
06/07/2021 15:20:10,44.9800016,20.3600466,0,3,116197,T-5
06/07/2021 15:20:40,44.9800016,20.3600466,0,3,116197,T-5
06/07/2021 15:21:10,44.9800016,20.3600466,0,3,116197,T-5
06/07/2021 15:21:40,44.9800016,20.3600466,0,3,116197,T-5
06/07/2021 15:22:10,44.9800016,20.3600466,0,3,116197,T-5
06/07/2021 15:22:40,44.9800016,20.3600466,0,3,116197,T-5
06/07/2021 15:23:10,44.9800016,20.3600466,0,3,116197,T-5
06/07/2021 15:23:40,44.9800016,20.3600466,0,3,116197,T-5
06/07/2021 15:24:10,44.9800016,20.3600466,0,3,116197,T-5
06/07/2021 15:24:40,44.9800016,20.3600466,0,3,116197,T-5
06/07/2021 15:25:10,44.9800016,20.3600466,0,3,116197,T-5
06/07/2021 15:25:40,44.9800016,20.3600466,0,3,116197,T-5
06/07/2021 15:26:10,44.9800016,20.3600466,0,3,116197,T-5
06/07/2021 15:26:40,44.9800016,20.3600466,0,3,116197,T-5
06/07/2021 15:27:10,44.9800016,20.3600466,0,3,116197,T-5
06/07/2021 15:27:40,44.9801299,20.3596049,4,3,,
06/07/2021 15:27:44,44.9801666,20.3595716,6,3,,
06/07/2021 15:27:49,44.9802616,20.3595133,8,3,,
06/07/2021 15:27:51,44.9802983,20.3595416,8,3,,
06/07/2021 15:28:21,44.9812733,20.3610283,23,3,,
06/07/2021 15:28:23,44.9813299,20.3610666,11,3,,
06/07/2021 15:28:25,44.9813816,20.3610733,10,3,,
06/07/2021 15:28:55,44.9820916,20.361185,9,3,,
06/07/2021 15:29:25,44.9827866,20.3613516,9,3,,
06/07/2021 15:29:38,44.9830816,20.3614233,9,3,,
06/07/2021 15:29:39,44.9831116,20.3614183,9,3,,
06/07/2021 15:30:09,44.98394,20.3615966,13,3,,
06/07/2021 15:30:13,44.9840333,20.3614866,14,3,,
06/07/2021 15:30:43,44.98461,20.3603183,14,3,,
06/07/2021 15:31:13,44.9854116,20.359185,13,3,,
06/07/2021 15:31:43,44.9861866,20.3580933,15,3,,
06/07/2021 15:32:13,44.986865,20.357125,12,3,,
06/07/2021 15:32:43,44.9874033,20.3562966,9,3,,
06/07/2021 15:32:47,44.9874833,20.3562216,9,3,,
06/07/2021 15:32:50,44.9875383,20.3561683,7,3,,
06/07/2021 15:33:12,44.9878483,20.35561,10,3,,
06/07/2021 15:33:22,44.9879516,20.355245,10,3,,
06/07/2021 15:33:52,44.9886133,20.3545133,12,3,,
06/07/2021 15:34:22,44.9891949,20.3537033,9,3,,
06/07/2021 15:34:52,44.9896099,20.3531016,4,3,,
06/07/2021 15:35:22,44.9899816,20.3525199,14,3,,
06/07/2021 15:35:52,44.9904816,20.3517816,9,3,,
06/07/2021 15:36:02,44.99068,20.351565,8,3,,
06/07/2021 15:36:04,44.9907116,20.351495,10,3,,
06/07/2021 15:36:33,44.9912983,20.3506366,6,3,,
06/07/2021 15:36:47,44.99164,20.3501183,15,3,,
06/07/2021 15:37:17,44.9923049,20.34873,19,3,,
06/07/2021 15:37:28,44.9924766,20.3482666,15,3,,
06/07/2021 15:37:33,44.9924716,20.3481183,9,3,116155,T-15_2
06/07/2021 15:37:41,44.9924599,20.3478666,8,3,,
06/07/2021 15:38:11,44.9923083,20.34761,0,3,,
06/07/2021 15:38:41,44.9921433,20.34742,4,3,,
06/07/2021 15:39:11,44.99192,20.3472383,0,3,116155,T-15_2
06/07/2021 15:39:41,44.99192,20.3472383,0,3,116155,T-15_2
06/07/2021 15:40:11,44.99192,20.3472383,0,3,116155,T-15_2
06/07/2021 15:40:41,44.99192,20.3472383,0,3,116155,T-15_2
06/07/2021 15:41:11,44.99192,20.3472383,0,3,116155,T-15_2
06/07/2021 15:41:41,44.99192,20.3472383,0,3,116155,T-15_2
06/07/2021 15:42:11,44.99192,20.3472383,0,3,116155,T-15_2
06/07/2021 15:42:41,44.99192,20.3472383,0,3,116155,T-15_2
06/07/2021 15:43:11,44.99192,20.3472383,0,3,116155,T-15_2
06/07/2021 15:43:41,44.99192,20.3472383,0,3,116155,T-15_2
06/07/2021 15:44:11,44.99192,20.3472383,0,3,116155,T-15_2
06/07/2021 15:44:41,44.99192,20.3472383,0,3,116155,T-15_2
06/07/2021 15:45:11,44.99192,20.3472383,0,3,116155,T-15_2
06/07/2021 15:45:41,44.99192,20.3472383,0,3,116155,T-15_2
06/07/2021 15:46:11,44.9919499,20.34723,0,3,116155,T-15_2
06/07/2021 15:46:41,44.9919499,20.34723,0,3,116155,T-15_2
06/07/2021 15:47:11,44.9919499,20.34723,0,3,116155,T-15_2
06/07/2021 15:47:41,44.9919499,20.34723,0,3,116155,T-15_2
06/07/2021 15:48:11,44.9919499,20.34723,0,3,116155,T-15_2
06/07/2021 15:48:41,44.9919499,20.34723,0,3,116155,T-15_2
06/07/2021 15:49:11,44.9919499,20.34723,0,3,116155,T-15_2
06/07/2021 15:49:41,44.9919499,20.34723,0,3,116155,T-15_2
06/07/2021 15:50:11,44.9919499,20.34723,0,3,116155,T-15_2
06/07/2021 15:50:41,44.9919499,20.34723,0,3,116155,T-15_2
06/07/2021 15:51:11,44.9919499,20.34723,0,3,116155,T-15_2
06/07/2021 15:51:41,44.9919499,20.34723,0,3,116155,T-15_2
06/07/2021 15:52:11,44.9919499,20.34723,0,3,116155,T-15_2
06/07/2021 15:52:41,44.9919499,20.34723,0,3,116155,T-15_2
06/07/2021 15:53:11,44.9919499,20.34723,0,3,116155,T-15_2
06/07/2021 15:53:41,44.9919,20.34726,0,3,116155,T-15_2
06/07/2021 15:54:11,44.9919,20.34726,0,3,116155,T-15_2
06/07/2021 15:54:41,44.9919,20.34726,0,3,116155,T-15_2
06/07/2021 15:55:11,44.9919,20.34726,0,3,116155,T-15_2
06/07/2021 15:55:41,44.9919,20.34726,0,3,116155,T-15_2
06/07/2021 15:56:11,44.9919,20.34726,0,3,116155,T-15_2
06/07/2021 15:56:41,44.9919,20.34726,0,3,116155,T-15_2
06/07/2021 15:57:11,44.9919,20.3472199,0,3,116155,T-15_2
06/07/2021 15:57:41,44.9919,20.3472199,0,3,116155,T-15_2
06/07/2021 15:57:43,44.9918733,20.3472083,6,3,116155,T-15_2
06/07/2021 15:57:44,44.9918583,20.3471966,7,3,116155,T-15_2
06/07/2021 15:57:51,44.9917516,20.34707,8,3,116155,T-15_2
06/07/2021 15:58:21,44.9913416,20.3464416,5,3,116155,T-15_2
06/07/2021 15:58:28,44.99127,20.3462783,7,3,116155,T-15_2
06/07/2021 15:58:35,44.9912316,20.3460816,9,3,,
06/07/2021 15:59:05,44.9908099,20.3453933,7,3,,
06/07/2021 15:59:35,44.99037,20.34477,8,3,,
06/07/2021 15:59:45,44.9902366,20.3445683,9,3,,
06/07/2021 15:59:49,44.9901983,20.3444783,7,3,,
06/07/2021 15:59:52,44.9901433,20.344435,11,3,,
06/07/2021 15:59:55,44.99009,20.344375,8,3,,
